{
  "hash": "8ad675b9",
  "configHash": "2bb3e29b",
  "lockfileHash": "a8178779",
  "browserHash": "b7368f63",
  "optimized": {
    "@angular/common/http": {
      "src": "../../../../../node_modules/@angular/common/fesm2022/http.mjs",
      "file": "@angular_common_http.js",
      "fileHash": "53e917c3",
      "needsInterop": false
    },
    "@angular/core": {
      "src": "../../../../../node_modules/@angular/core/fesm2022/core.mjs",
      "file": "@angular_core.js",
      "fileHash": "b04c0b28",
      "needsInterop": false
    },
    "@angular/forms": {
      "src": "../../../../../node_modules/@angular/forms/fesm2022/forms.mjs",
      "file": "@angular_forms.js",
      "fileHash": "89c75d4a",
      "needsInterop": false
    },
    "@angular/platform-browser": {
      "src": "../../../../../node_modules/@angular/platform-browser/fesm2022/platform-browser.mjs",
      "file": "@angular_platform-browser.js",
      "fileHash": "c30ce7dc",
      "needsInterop": false
    },
    "@angular/router": {
      "src": "../../../../../node_modules/@angular/router/fesm2022/router.mjs",
      "file": "@angular_router.js",
      "fileHash": "ae16dbca",
      "needsInterop": false
    },
    "@angular/material/icon": {
      "src": "../../../../../node_modules/@angular/material/fesm2022/icon.mjs",
      "file": "@angular_material_icon.js",
      "fileHash": "ab3b9137",
      "needsInterop": false
    },
    "@angular/material/button": {
      "src": "../../../../../node_modules/@angular/material/fesm2022/button.mjs",
      "file": "@angular_material_button.js",
      "fileHash": "093ac9fc",
      "needsInterop": false
    },
    "@angular/material/toolbar": {
      "src": "../../../../../node_modules/@angular/material/fesm2022/toolbar.mjs",
      "file": "@angular_material_toolbar.js",
      "fileHash": "85fd9a4f",
      "needsInterop": false
    },
    "@angular/common": {
      "src": "../../../../../node_modules/@angular/common/fesm2022/common.mjs",
      "file": "@angular_common.js",
      "fileHash": "ae53ea30",
      "needsInterop": false
    }
  },
  "chunks": {
    "chunk-YIGKULFC": {
      "file": "chunk-YIGKULFC.js"
    },
    "chunk-FMGZBWRS": {
      "file": "chunk-FMGZBWRS.js"
    },
    "chunk-NB7R2WZZ": {
      "file": "chunk-NB7R2WZZ.js"
    },
    "chunk-5XHM3LYD": {
      "file": "chunk-5XHM3LYD.js"
    },
    "chunk-NMFZHWKU": {
      "file": "chunk-NMFZHWKU.js"
    }
  }
}